{
  "table": "cca_results",
  "parent_url": "LeadGeneration/outputs/pdfs/CCA/{}_concised.pdf",
  "app_title": "CCA Lead Generation",
  "column_def": [
    {
      "field": "user",
      "headerName": "User",
      "filter": true,
      "floatingFilter": true,
      "sortable": true,
      "editable": true,
      "cellEditor": "agTextCellEditor",
      "cellEditorParams": { "maxLength": 250, "rows": 10, "cols": 50 },
      "flex": 2,
      "cellStyle": { "align-items": "center", "display": "flex" }
    },
    {
      "field": "document_name",
      "headerName": "Document",
      "filter": true,
      "maxWidth": 400,
      "floatingFilter": true,
      "sortable": true,
      "cellStyle": { "align-items": "center", "display": "flex" }
    },
    {
      "field": "Company",
      "headerName": "Company Name",
      "filter": true,
      "floatingFilter": true,
      "sortable": true,
      "cellStyle": { "align-items": "center", "display": "flex" }
    },
    {
      "field": "companyid",
      "headerName": "CIQID",
      "filter": true,
      "floatingFilter": true,
      "sortable": true,
      "cellStyle": { "align-items": "center", "display": "flex" }
    },
    {
      "field": "country",
      "headerName": "Country",
      "filter": true,
      "floatingFilter": true,
      "sortable": true,
      "cellStyle": { "align-items": "center", "display": "flex" }
    },
    {
      "field": "language",
      "headerName": "Language",
      "filter": true,
      "floatingFilter": true,
      "sortable": true,
      "cellStyle": { "align-items": "center", "display": "flex" }
    },
    {
      "field": "industry",
      "headerName": "Industry",
      "filter": true,
      "floatingFilter": true,
      "sortable": true,
      "cellStyle": { "align-items": "center", "display": "flex" }
    },
    {
      "field": "curated_document",
      "headerName": "Curated Document",
      "filter": true,
      "sortable": true,
      "cellRenderer": "StockLink",
      "cellStyle": {
        "display": "inline-block",
        "padding": "5px 10px",
        "font-size": "14px",
        "font-weight": "bold",
        "text-align": "center",
        "text-decoration": "none",
        "background-color": "#caccd1",
        "height": "auto",
        "color": "#ffffff",
        "margin": "8px",
        "border": "none",
        "border-radius": "5px",
        "transition": "background-color 0.3s ease"
      }
    },
    {
      "field": "lead_strength",
      "headerName": "Lead Strength",
      "filter": true,
      "floatingFilter": true,
      "sortable": true,
      "cellEditor": "agSelectCellEditor",
      "cellEditorParams": { "values": ["Strong", "Medium", "Weak"] },
      "cellStyle": {
        "align-items": "center",
        "display": "flex",
        "justify-content": "center"
      }
    },
    {
      "field": "lead_quality",
      "headerName": "Lead Quality",
      "filter": true,
      "floatingFilter": true,
      "sortable": true,
      "editable": true,
      "cellEditor": "agSelectCellEditor",
      "cellEditorParams": { "values": ["Good", "Bad"] },
      "cellStyle": {
        "align-items": "center",
        "display": "flex",
        "justify-content": "center"
      }
    },
    {
      "field": "comment",
      "headerName": "Comment",
      "filter": true,
      "floatingFilter": true,
      "sortable": true,
      "editable": true,
      "cellEditor": "agTextCellEditor",
      "cellEditorParams": { "maxLength": 250, "rows": 10, "cols": 50 },
      "flex": 2,
      "cellStyle": { "align-items": "center", "display": "flex" }
    }
  ]
}
