{
  "table": "commodity_insights_results",
  "parent_url": "LeadGeneration/outputs/pdfs/CommodityInsights/{}_concised.pdf",
  "app_title": "Commodity Insights Lead Generation",
  "column_def": [
    {
      "field": "user",
      "headerName": "User",
      "filter": "agTextColumnFilter",
      "filterParams":{"buttons": ["clear"]},
      
      "sortable": true,
      "cellEditor": "agTextCellEditor",
      "cellEditorParams": { "maxLength": 250, "rows": 10, "cols": 50 },
      "flex": 2,
      "cellStyle": { "align-items": "center", "display": "flex" }
    },

    {
      "field": "record_owner",
      "headerName": "Record Owner",
      "filter": "agSetColumnFilter",
      "filterParams":{"buttons": ["clear"]},
      "editable":true,
      "sortable": true,
      "cellEditor": "agSelectCellEditor",
      "cellStyle": { "align-items": "center", "display": "flex","justify-content": "center" },
      "cellEditorParams": { "values": ["Jahn", "Pamela", "Nishchala"] }
    },
    {
      "field": "lead_strength",
      "headerName": "Lead Strength",
      "filter": "agSetColumnFilter",
      "filterParams":{"buttons": ["clear"]},
      "cellStyle": {"align-items": "center",
                    "display": "flex",
                    "justify-content": "center"
                    
                },
      "sortable": true,
      "cellEditor": "agSelectCellEditor",
      "cellEditorParams": { "values": ["Strong", "Medium", "Weak"] }
    },
    {
      "field": "document_name",
      "headerName": "Document",
      "filter": "agTextColumnFilter",
      "filterParams":{"buttons": ["clear"]},
      "maxWidth": 400,
      
      "sortable": true,
      "cellStyle": { "align-items": "center", "display": "flex" }
    },
    {
      "field": "Company",
      "headerName": "Company Name",
      "filter": "agTextColumnFilter",
      "filterParams":{"buttons": ["clear"]},
      
      "sortable": true,
      "cellStyle": { "align-items": "center", "display": "flex" }
    },
    {
      "field": "companyid",
      "headerName": "CIQID",
      "filter": "agTextColumnFilter",
      "filterParams":{"buttons": ["clear"]},
      
      "sortable": true,
      "cellStyle": { "align-items": "center", "display": "flex" }
    },
    {
      "field": "country",
      "headerName": "Country",
      "filter": "agSetColumnFilter",
      "filterParams":{"buttons": ["clear"]},
      
      "sortable": true,
      "cellStyle": { "align-items": "center", "display": "flex" }
    },
    {
      "field": "language",
      "headerName": "Language",
      "filter": "agSetColumnFilter",
      "filterParams":{"buttons": ["clear"]},
      
      "sortable": true,
      "cellStyle": { "align-items": "center", "display": "flex" }
    },
    {
      "field": "industry",
      "headerName": "Industry",
      "filter": "agSetColumnFilter",
      "filterParams":{"buttons": ["clear"]},
      "maxWidth": 200,
      "sortable": true,
      "cellStyle": { "align-items": "center", "display": "flex" }
    },
    {
      "field": "ultimate_parent",
      "headerName": "Ultimate Parent",
      "filter": "agTextColumnFilter",
      "filterParams":{"buttons": ["clear"]},
      "maxWidth": 200,
      "sortable": true,
      "cellStyle": { "align-items": "center", "display": "flex" }
    },
    {
      "field": "curated_document",
      "headerName": "Curated Document",
      "filter": "agTextColumnFilter",
      "filterParams":{"buttons": ["clear"]},
      "sortable": true,
      "cellRenderer": "StockLink",
      "cellStyle": {
        "display": "inline-block",
        "padding": "5px 10px",
        "font-size": "14px",
        "font-weight": "bold",
        "text-align": "center",
        "text-decoration": "none",
        "background-color": "#caccd1",
        "height": "auto",
        "color": "#ffffff",
        "margin": "8px",
        "border": "none",
        "border-radius": "5px",
        "transition": "background-color 0.3s ease"
      }
    },
    
    {  
            "field": "esg",
            "headerName":"ESG",
            "filter": "agSetColumnFilter",
            "filterParams":{"buttons": ["clear"]},
            
            "sortable": true,
            "cellEditor": "agSelectCellEditor",
            "cellEditorParams":{"values": ["Yes","No"]}, 
            "cellStyle":{"align-items": "center",
                          "display":"flex",
                          "justify-content":"center"
                        }
            },
    
            {  
            "field": "doc_type",
            "headerName":"Company Type",
            "filter": "agSetColumnFilter",
            "filterParams":{"buttons": ["clear"]},
            
            "sortable": true,
            "cellEditor": "agSelectCellEditor",
            "cellEditorParams":{"values": ["New Logo","Existing","Others"]}, 
            "cellStyle":{"align-items": "center",
                          "display":"flex",
                          "justify-content":"center"
                        }
            },
    {
      "field": "lead_quality",
      "headerName": "Lead Quality",
      "filter": "agSetColumnFilter",
      "filterParams":{"buttons": ["clear"]},
      
      "sortable": true,
      "editable": true,
      "cellEditor": "agSelectCellEditor",
      "cellEditorParams": { "values": ["Good", "Bad"] },
      "cellStyle": {
        "align-items": "center",
        "display": "flex",
        "justify-content": "center"
      }
    },
    {
      "field": "comment",
      "headerName": "Comment",
      "filter": "agTextColumnFilter",
      "filterParams":{"buttons": ["clear"]},
      
      "sortable": true,
      "editable": true,
      "cellEditor": "agTextCellEditor",
      "cellEditorParams": { "maxLength": 250, "rows": 10, "cols": 50 },
      "flex": 2,
      "cellStyle": { "align-items": "center", "display": "flex" }
    }
  ]
}
