{
  "table": "indices_results",
  "parent_url": "LeadGeneration/outputs/pdfs/Indices/{}_concised.pdf",
  "app_title": "Indices Lead Generation",
  "column_def": [
    {
      "field": "user",
      "headerName": "User",
      "filter": "agTextColumnFilter",
      "filterParams":{"buttons": ["clear"]},
      "sortable": true,
      "editable": true,
      "cellEditor": "agTextCellEditor",
      "cellEditorParams": { "maxLength": 250, "rows": 10, "cols": 50 },
      "flex": 2,
      "cellStyle": { "align-items": "center", "display": "flex" }
    },
    {
      "field": "document_name",
      "headerName": "Document",
      "filter": "agTextColumnFilter",
      "filterParams":{"buttons": ["clear"]},
      "maxWidth": 500,
      "sortable": true,
      "cellStyle": { "align-items": "center", "display": "flex" }
    },
    {
      "field": "isin",
      "headerName": "ISIN",
      "filter": "agTextColumnFilter",
      "filterParams":{"buttons": ["clear"]},
      "sortable": true,
      "cellStyle": { "align-items": "center", "display": "flex" }
    },
    {
      "field": "document_type",
      "headerName": "Document Type",
      "filter": "agTextColumnFilter",
      "filterParams":{"buttons": ["clear"]},
      "sortable": true,
      "cellStyle": { "align-items": "center", "display": "flex" }
    },
    {
      "field": "lead_strength",
      "headerName": "Lead Strength",
      "filter": "agSetColumnFilter",
      "filterParams":{"buttons": ["clear"]},
      "sortable": true,
      "editable": true,
      "cellEditor": "agSelectCellEditor",
      "cellEditorParams": {
        "values": ["Excellent", "Strong", "Medium", "Weak"]
      },
      "cellStyle": {
        "align-items": "center",
        "display": "flex",
        "justify-content": "center"
      }
    },
    {
      "field": "curated_document",
      "headerName": "Curated Document",
      "filter": "agTextColumnFilter",
      "filterParams":{"buttons": ["clear"]},
      "sortable": true,
      "cellRenderer": "StockLink",
      "cellStyle": {
        "display": "inline-block",
        "padding": "5px 10px",
        "font-size": "14px",
        "font-weight": "bold",
        "text-align": "center",
        "text-decoration": "none",
        "background-color": "#caccd1",
        "height": "auto",
        "color": "#ffffff",
        "margin": "8px",
        "border": "none",
        "border-radius": "5px",
        "transition": "background-color 0.3s ease"
      }
    },
    {
      "field": "advisor",
      "headerName": "Advisor",
      "filter": "agTextColumnFilter",
      "filterParams":{"buttons": ["clear"]},
      "sortable": true,
      "cellStyle": { "align-items": "center", "display": "flex" }
    },
    {
      "field": "ciqid",
      "headerName": "CIQID",
      "filter": "agTextColumnFilter",
      "filterParams":{"buttons": ["clear"]},
      "sortable": true,
      "cellStyle": { "align-items": "center", "display": "flex" }
    },
    {
      "field": "country",
      "headerName": "Country",
      "filter": "agSetColumnFilter",
      "filterParams":{"buttons": ["clear"]},
      "sortable": true,
      "cellStyle": { "align-items": "center", "display": "flex" }
    },
    {
      "field": "language",
      "headerName": "Language",
      "filter": "agSetColumnFilter",
      "filterParams":{"buttons": ["clear"]},
      "sortable": true,
      "cellStyle": { "align-items": "center", "display": "flex" }
    },
    {
      "field": "ultimate_parent",
      "headerName": "Ultimate Parent",
      "filter": "agTextColumnFilter",
      "filterParams":{"buttons": ["clear"]},
      "sortable": true,
      "cellStyle": { "align-items": "center", "display": "flex" }
    },
        {
      "field": "competitor",
      "headerName": "Competitor",
      "filter": "agSetColumnFilter",
      "filterParams":{"buttons": ["clear"]},
      "sortable": true,
      "editable": true,
      "cellEditor": "agSelectCellEditor",
      "cellEditorParams": { "values": ["Yes", "No"] },
      "cellStyle": {
        "align-items": "center",
        "display": "flex",
        "justify-content": "center"
      }
    },
    {
      "field": "trademark",
      "headerName": "Trademark",
      "filter": "agSetColumnFilter",
      "filterParams":{"buttons": ["clear"]},
      "sortable": true,
      "editable": true,
      "cellEditor": "agSelectCellEditor",
      "cellEditorParams": { "values": ["Yes", "No"] },
      "cellStyle": {
        "align-items": "center",
        "display": "flex",
        "justify-content": "center"
      }
    },
    {
      "field": "client",
      "headerName": "Client",
      "filter": "agSetColumnFilter",
      "filterParams":{"buttons": ["clear"]},
      "sortable": true,
      "editable": true,
      "cellEditor": "agSelectCellEditor",
      "cellEditorParams": { "values": ["Yes", "No"] },
      "cellStyle": {
        "align-items": "center",
        "display": "flex",
        "justify-content": "center"
      }
    },
    
    {
      "field": "lead_quality",
      "headerName": "Lead Quality",
      "filter": "agSetColumnFilter",
      "filterParams":{"buttons": ["clear"]},
      "sortable": true,
      "editable": true,
      "cellEditor": "agSelectCellEditor",
      "cellEditorParams": { "values": ["Good", "Bad"] },
      "cellStyle": {
        "align-items": "center",
        "display": "flex",
        "justify-content": "center"
      }
    },
    {
      "field": "comment",
      "headerName": "Comment",
      "filter": "agTextColumnFilter",
      "filterParams":{"buttons": ["clear"]},
      "sortable": true,
      "editable": true,
      "cellEditor": "agTextCellEditor",
      "cellEditorParams": { "maxLength": 250, "rows": 10, "cols": 50 },
      "flex": 2,
      "cellStyle": { "align-items": "center", "display": "flex" }
    }
  ]
}
