{
  "table": "rx_factsheets_results",
  "parent_url": "LeadGeneration/outputs/pdfs/RX - Fund Factsheets/{}_concised.pdf",
  "app_title": "RX - Fund Factsheets",
  "column_def": [
    {
      "field": "user",
      "headerName": "User",
      "filter": "agTextColumnFilter",
      "filterParams":{"buttons": ["clear"]},
      "menuTabs": ["filterMenuTab"],
            "sortable": true,
      "cellEditor": "agTextCellEditor",
      "cellEditorParams": { "maxLength": 250, "rows": 10, "cols": 50 },
      "flex": 2,
      "cellStyle": { "align-items": "center", "display": "flex" }
    },
    {
      "field": "account_owner",
      "headerName": "Account_Owner",
      "headerTooltip": "Allocation list by account owner",
      "tooltipShowDelay":0,
      "filter": "agSetColumnFilter",
      "menuTabs": ["filterMenuTab"],
      "filterParams":{"buttons": ["clear"]},
      "maxWidth": 400,
      "editable":true,
      "sortable": true,
      "cellStyle": { "align-items": "center", "display": "flex" }
      },
    {
      "field": "document_name",
      "headerName": "Document",
      "filter": "agTextColumnFilter",
      "menuTabs": ["filterMenuTab"],
      "filterParams":{"buttons": ["clear"]},
      "maxWidth": 400,
      
      "sortable": true,
      "cellStyle": { "align-items": "center", "display": "flex" }
    },  
    {
      "field": "isin",
      "headerName": "ISIN",
      "filter": "agSetColumnFilter",
      "menuTabs": ["filterMenuTab"],
      "filterParams":{"buttons": ["clear"]},
      "maxWidth": 400,
      
      "sortable": true,
      "cellStyle": { "align-items": "center", "display": "flex" }
    }, 
    {
      "field": "document_type",
      "headerName": "Document Type",
      "filter": "agSetColumnFilter",
      "menuTabs": ["filterMenuTab"],
      "filterParams":{"buttons": ["clear"]},
      "maxWidth": 200,
      "sortable": true,
      "cellStyle": { "align-items": "center", "display": "flex" }
    },
    {
      "field": "lead_strength",
      "headerName": "Lead Strength",
      "filter": "agSetColumnFilter",
      "menuTabs": ["filterMenuTab"],
      "filterParams":{"buttons": ["clear"]},
      "cellStyle": {"align-items": "center",
                    "display": "flex",
                    "justify-content": "center"
                    
                },
      "sortable": true,
      "cellEditor": "agSelectCellEditor",
      "cellEditorParams": { "values": ["1. excellent","2. very strong","3. strong","4. fairly strong","5. medium", "6. weak","7. very weak","8. none"] }
    },
    {
      "field": "curated_document",
      "headerName": "Curated Document",
      "filter": "agTextColumnFilter",
      "menuTabs": ["filterMenuTab"],
      "filterParams":{"buttons": ["clear"]},
      "sortable": true,
      "cellRenderer": "StockLink",
      "cellStyle": {
        "display": "inline-block",
        "padding": "5px 10px",
        "font-size": "14px",
        "font-weight": "bold",
        "text-align": "center",
        "text-decoration": "none",
        "background-color": "#caccd1",
        "height": "auto",
        "color": "#ffffff",
        "margin": "8px",
        "border": "none",
        "border-radius": "5px",
        "transition": "background-color 0.3s ease"
      }
    },
    {
      "field": "Company",
      "headerName": "Company Name",
      "filter": "agTextColumnFilter",
      "menuTabs": ["filterMenuTab"],
      "filterParams":{"buttons": ["clear"]},
      
      "sortable": true,
      "cellStyle": { "align-items": "center", "display": "flex" }
    },
    {
      "field": "companyid",
      "headerName": "CIQID",
      "filter": "agTextColumnFilter",
      "menuTabs": ["filterMenuTab"],
      "filterParams":{"buttons": ["clear"]},
      
      "sortable": true,
      "cellStyle": { "align-items": "center", "display": "flex" }
    },
    {
      "field": "language",
      "headerName": "Language",
      "filter": "agSetColumnFilter",
      "menuTabs": ["filterMenuTab"],
      "filterParams":{"buttons": ["clear"]},
      
      "sortable": true,
      "cellStyle": { "align-items": "center", "display": "flex" }
    },
    {
      "field": "country",
      "headerName": "Country",
      "filter": "agSetColumnFilter",
      "menuTabs": ["filterMenuTab"],
      "filterParams":{"buttons": ["clear"]},
      
      "sortable": true,
      "cellStyle": { "align-items": "center", "display": "flex" }
    },
    {  
      "field": "region",
      "headerName":"Region",
      "filter": "agSetColumnFilter",
      "menuTabs": ["filterMenuTab"],
      "filterParams":{"buttons": ["clear"]},
      
      "sortable": true,
      "cellEditor": "agSelectCellEditor",
      "cellEditorParams":{"values": ["APAC","US/Canada","Europe","LATAM & Caribbean","Developing Markets"]}, 
      "cellStyle":{"align-items": "center",
                    "display":"flex",
                    "justify-content":"center"
                  }
      },
      {
        "field": "ultimate_parent",
        "headerName": "Ultimate Parent",
        "filter": "agTextColumnFilter",
        "menuTabs": ["filterMenuTab"],
        "filterParams":{"buttons": ["clear"]},
        "maxWidth": 200,
        "sortable": true,
        "cellStyle": { "align-items": "center", "display": "flex" }
      }, 
      {  
        "field": "Greenfield_Whitespace",
        "headerName":"Greenfield_Whitespace",
        "filter": "agSetColumnFilter",
        "menuTabs": ["filterMenuTab"],
        "filterParams":{"buttons": ["clear"]},
        
        "sortable": true,
        "cellEditor": "agSelectCellEditor",
        "cellEditorParams":{"values": ["Greenfield","Whitespace","NA"]}, 
        "cellStyle":{"align-items": "center",
                      "display":"flex",
                      "justify-content":"center"
                    }
        },
    {  
            "field": "rx_client",
            "headerName":"RX_client",
            "filter": "agSetColumnFilter",
            "menuTabs": ["filterMenuTab"],
            "filterParams":{"buttons": ["clear"]},
            
            "sortable": true,
            "cellEditor": "agSelectCellEditor",
            "cellEditorParams":{"values": ["Yes","No","NA"]}, 
            "cellStyle":{"align-items": "center",
                          "display":"flex",
                          "justify-content":"center"
                        }
            },  
     {  
              "field": "rd_cp_client",
              "headerName":"RD_CP_client",
              "filter": "agSetColumnFilter",
              "menuTabs": ["filterMenuTab"],
              "filterParams":{"buttons": ["clear"]},
              
              "sortable": true,
              "cellEditor": "agSelectCellEditor",
              "cellEditorParams":{"values": ["Yes","No","NA"]}, 
              "cellStyle":{"align-items": "center",
                            "display":"flex",
                            "justify-content":"center"
                          }
              },
      {  
                "field": "rx_in_corp_tree",
                "headerName":"RX_in_Corp_Tree",
                "filter": "agSetColumnFilter",
                "menuTabs": ["filterMenuTab"],
                "filterParams":{"buttons": ["clear"]},
                
                "sortable": true,
                "cellEditor": "agSelectCellEditor",
                "cellEditorParams":{"values": ["Yes","No","NA"]}, 
                "cellStyle":{"align-items": "center",
                              "display":"flex",
                              "justify-content":"center"
                            }
                },
        {  
                  "field": "rd_cp_in_corp_tree",
                  "headerName":"RD_CP_in_Corp_Tree",
                  "filter": "agSetColumnFilter",
                  "menuTabs": ["filterMenuTab"],
                  "filterParams":{"buttons": ["clear"]},
                  
                  "sortable": true,
                  "cellEditor": "agSelectCellEditor",
                  "cellEditorParams":{"values": ["Yes","No","NA"]}, 
                  "cellStyle":{"align-items": "center",
                                "display":"flex",
                                "justify-content":"center"
                              }
                  },
        {  
                "field": "composite_rating",
                "headerName":"Composite_Rating",
                "filter": "agSetColumnFilter",
                "menuTabs": ["filterMenuTab"],
                "filterParams":{"buttons": ["clear"]},
                
                "sortable": true,
                "cellEditor": "agSelectCellEditor",
                "cellEditorParams":{"values": ["Yes","Yes_S&P"]}, 
                "cellStyle":{"align-items": "center",
                              "display":"flex",
                              "justify-content":"center"
                            }
                },  
    {
      "field": "lead_quality",
      "headerName": "Lead Quality",
      "filter": "agSetColumnFilter",
      "menuTabs": ["filterMenuTab"],
      "filterParams":{"buttons": ["clear"]},
      
      "sortable": true,
      "editable": true,
      "cellEditor": "agSelectCellEditor",
      "cellEditorParams": { "values": ["Good", "Bad"] },
      "cellStyle": {
        "align-items": "center",
        "display": "flex",
        "justify-content": "center"
      }
    },
    {
      "field": "comment",
      "headerName": "Comment",
      "filter": "agTextColumnFilter",
      "menuTabs": ["filterMenuTab"],
      "filterParams":{"buttons": ["clear"]},
      
      "sortable": true,
      "editable": true,
      "cellEditor": "agTextCellEditor",
      "cellEditorParams": { "maxLength": 250, "rows": 10, "cols": 50 },
      "flex": 2,
      "cellStyle": { "align-items": "center", "display": "flex" }
    },
    {
      "field": "opportunity",
      "headerName": "SFDC_opportunity_URL",
      "filter": "agTextColumnFilter",
      "menuTabs": ["filterMenuTab"],
      "filterParams":{"buttons": ["clear"]},
      
      "sortable": true,
      "editable": true,
      "cellEditor": "agTextCellEditor",
      "cellEditorParams": { "maxLength": 250, "rows": 10, "cols": 50 },
      "flex": 2,
      "cellStyle": { "align-items": "center", "display": "flex" }
    }
  ]
}
